Tempo (s),Tensao (V)
0.000000,0.2859
0.000176,0.2864
0.000351,0.2879
0.000527,0.2881
0.000702,0.2866
0.000878,0.2870
0.001053,0.2864
0.001229,0.2858
0.001404,0.2863
0.001580,0.2882
0.001756,0.2877
0.001931,0.2887
0.002107,0.2909
0.002282,0.2925
0.002458,0.2963
0.002633,0.2996
0.002809,0.3023
0.002984,0.3034
0.003160,0.3041
0.003336,0.3036
0.003511,0.3038
0.003687,0.3035
0.003862,0.3046
0.004038,0.3058
0.004213,0.3065
0.004389,0.3082
0.004564,0.3110
0.004740,0.3128
0.004916,0.3126
0.005091,0.3134
0.005267,0.3132
0.005442,0.3131
0.005618,0.3112
0.005793,0.3122
0.005969,0.3125
0.006144,0.3116
0.006320,0.3097
0.006496,0.3082
0.006671,0.3060
0.006847,0.3028
0.007022,0.3021
0.007198,0.3004
0.007373,0.2986
0.007549,0.2972
0.007725,0.2970
0.007900,0.2958
0.008076,0.2957
0.008251,0.2963
0.008427,0.2951
0.008602,0.2949
0.008778,0.2948
0.008953,0.2941
0.009129,0.2989
0.009305,0.3042
0.009480,0.3114
0.009656,0.3164
0.009831,0.3223
0.010007,0.3252
0.010182,0.3255
0.010358,0.3236
0.010533,0.3238
0.010709,0.3245
0.010885,0.3233
0.011060,0.3248
0.011236,0.3246
0.011411,0.3236
0.011587,0.3191
0.011762,0.3144
0.011938,0.3104
0.012113,0.3054
0.012289,0.3039
0.012465,0.3036
0.012640,0.3024
0.012816,0.3030
0.012991,0.3029
0.013167,0.3022
0.013342,0.3013
0.013518,0.3003
0.013693,0.2962
0.013869,0.2945
0.014045,0.2906
0.014220,0.2882
0.014396,0.2867
0.014571,0.2871
0.014747,0.2875
0.014922,0.2873
0.015098,0.2883
0.015273,0.2888
0.015449,0.2883
0.015625,0.2886
0.015800,0.2887
0.015976,0.2892
0.016151,0.2884
0.016327,0.2882
0.016502,0.2890
0.016678,0.2898
0.016853,0.2920
0.017029,0.2964
0.017205,0.3001
0.017380,0.3017
0.017556,0.3048
0.017731,0.3052
0.017907,0.3056
0.018082,0.3055
0.018258,0.3064
0.018433,0.3058
0.018609,0.3071
0.018785,0.3073
0.018960,0.3088
0.019136,0.3109
0.019311,0.3133
0.019487,0.3134
0.019662,0.3143
0.019838,0.3142
0.020014,0.3141
0.020189,0.3128
0.020365,0.3124
0.020540,0.3128
0.020716,0.3129
0.020891,0.3124
0.021067,0.3115
0.021242,0.3096
0.021418,0.3068
0.021594,0.3026
0.021769,0.2996
0.021945,0.2964
0.022120,0.2956
0.022296,0.2935
0.022471,0.2946
0.022647,0.2948
0.022822,0.2966
0.022998,0.2955
0.023174,0.2968
0.023349,0.2961
0.023525,0.2953
0.023700,0.2966
0.023876,0.3014
0.024051,0.3065
0.024227,0.3152
0.024402,0.3210
0.024578,0.3269
0.024754,0.3308
0.024929,0.3364
0.025105,0.3472
0.025280,0.3837
0.025456,0.4664
0.025631,0.6157
0.025807,0.7837
0.025982,0.9306
0.026158,1.0584
0.026334,1.1378
0.026509,1.1528
0.026685,1.1457
0.026860,1.1542
0.027036,1.1597
0.027211,1.1670
0.027387,1.1724
0.027562,1.1813
0.027738,1.1856
0.027914,1.1922
0.028089,1.1980
0.028265,1.2027
0.028440,1.2046
0.028616,1.2096
0.028791,1.2126
0.028967,1.2157
0.029142,1.2204
0.029318,1.2259
0.029494,1.2322
0.029669,1.2378
0.029845,1.2433
0.030020,1.2483
0.030196,1.2536
0.030371,1.2574
0.030547,1.2603
0.030722,1.2638
0.030898,1.2679
0.031074,1.2712
0.031249,1.2758
0.031425,1.2810
0.031600,1.2872
0.031776,1.2944
0.031951,1.3016
0.032127,1.3082
0.032302,1.3139
0.032478,1.3192
0.032654,1.3222
0.032829,1.3252
0.033005,1.3287
0.033180,1.3328
0.033356,1.3361
0.033531,1.3394
0.033707,1.3436
0.033883,1.3490
0.034058,1.3541
0.034234,1.3588
0.034409,1.3623
0.034585,1.3650
0.034760,1.3670
0.034936,1.3676
0.035111,1.3696
0.035287,1.3714
0.035463,1.3729
0.035638,1.3729
0.035814,1.3741
0.035989,1.3725
0.036165,1.3715
0.036340,1.3711
0.036516,1.3698
0.036691,1.3695
0.036867,1.3698
0.037043,1.3698
0.037218,1.3703
0.037394,1.3735
0.037569,1.3743
0.037745,1.3753
0.037920,1.3775
0.038096,1.3775
0.038271,1.3770
0.038447,1.3811
0.038623,1.3867
0.038798,1.3947
0.038974,1.4050
0.039149,1.4128
0.039325,1.4185
0.039500,1.4239
0.039676,1.4260
0.039851,1.4272
0.040027,1.4306
0.040203,1.4336
0.040378,1.4351
0.040554,1.4353
0.040729,1.4334
0.040905,1.4296
0.041080,1.4254
0.041256,1.4203
0.041431,1.4168
0.041607,1.4151
0.041783,1.4140
0.041958,1.4142
0.042134,1.4144
0.042309,1.4146
0.042485,1.4153
0.042660,1.4168
0.042836,1.4160
0.043011,1.4145
0.043187,1.4135
0.043363,1.4110
0.043538,1.4086
0.043714,1.4074
0.043889,1.4079
0.044065,1.4090
0.044240,1.4100
0.044416,1.4110
0.044591,1.4123
0.044767,1.4139
0.044943,1.4146
0.045118,1.4158
0.045294,1.4172
0.045469,1.4183
0.045645,1.4193
0.045820,1.4208
0.045996,1.4217
0.046172,1.4218
0.046347,1.4241
0.046523,1.4271
0.046698,1.4323
0.046874,1.4363
0.047049,1.4412
0.047225,1.4438
0.047400,1.4448
0.047576,1.4438
0.047752,1.4444
0.047927,1.4452
0.048103,1.4460
0.048278,1.4483
0.048454,1.4489
0.048629,1.4521
0.048805,1.4543
0.048980,1.4568
0.049156,1.4576
0.049332,1.4606
0.049507,1.4600
0.049683,1.4604
0.049858,1.4583
0.050034,1.4609
0.050209,1.4607
0.050385,1.4608
0.050560,1.4588
0.050736,1.4584
0.050912,1.4535
0.051087,1.4508
0.051263,1.4486
0.051438,1.4480
0.051614,1.4479
0.051789,1.4482
0.051965,1.4490
0.052140,1.4489
0.052316,1.4489
0.052492,1.4481
0.052667,1.4477
0.052843,1.4477
0.053018,1.4485
0.053194,1.4522
0.053369,1.4589
0.053545,1.4661
0.053720,1.4726
0.053896,1.4807
0.054072,1.4846
0.054247,1.4869
0.054423,1.4893
0.054598,1.4911
0.054774,1.4926
0.054949,1.4937
0.055125,1.4946
0.055300,1.4928
0.055476,1.4911
0.055652,1.4868
0.055827,1.4832
0.056003,1.4780
0.056178,1.4758
0.056354,1.4725
0.056529,1.4710
0.056705,1.4698
0.056880,1.4689
0.057056,1.4676
0.057232,1.4691
0.057407,1.4679
0.057583,1.4669
0.057758,1.4660
0.057934,1.4630
0.058109,1.4588
0.058285,1.4567
0.058460,1.4549
0.058636,1.4532
0.058812,1.4535
0.058987,1.4533
0.059163,1.4541
0.059338,1.4542
0.059514,1.4561
0.059689,1.4570
0.059865,1.4582
0.060041,1.4593
0.060216,1.4600
0.060392,1.4599
0.060567,1.4612
0.060743,1.4609
0.060918,1.4630
0.061094,1.4668
0.061269,1.4697
0.061445,1.4730
0.061621,1.4770
0.061796,1.4791
0.061972,1.4802
0.062147,1.4813
0.062323,1.4832
0.062498,1.4843
0.062674,1.4847
0.062849,1.4847
0.063025,1.4856
0.063201,1.4855
0.063376,1.4880
0.063552,1.4893
0.063727,1.4911
0.063903,1.4926
0.064078,1.4913
0.064254,1.4909
0.064429,1.4918
0.064605,1.4919
0.064781,1.4940
0.064956,1.4940
0.065132,1.4943
0.065307,1.4921
0.065483,1.4900
0.065658,1.4852
0.065834,1.4837
0.066009,1.4804
0.066185,1.4790
0.066361,1.4772
0.066536,1.4774
0.066712,1.4772
0.066887,1.4766
0.067063,1.4770
0.067238,1.4774
0.067414,1.4769
0.067589,1.4762
0.067765,1.4757
0.067941,1.4789
0.068116,1.4832
0.068292,1.4904
0.068467,1.4977
0.068643,1.5048
0.068818,1.5100
0.068994,1.5130
0.069169,1.5120
0.069345,1.5140
0.069521,1.5162
0.069696,1.5147
0.069872,1.5148
0.070047,1.5138
0.070223,1.5115
0.070398,1.5073
0.070574,1.5020
0.070749,1.4970
0.070925,1.4926
0.071101,1.4885
0.071276,1.4873
0.071452,1.4870
0.071627,1.4869
0.071803,1.4883
0.071978,1.4879
0.072154,1.4866
0.072330,1.4854
0.072505,1.4828
0.072681,1.4790
0.072856,1.4762
0.073032,1.4726
0.073207,1.4712
0.073383,1.4714
0.073558,1.4722
0.073734,1.4729
0.073910,1.4734
0.074085,1.4735
0.074261,1.4738
0.074436,1.4736
0.074612,1.4744
0.074787,1.4746
0.074963,1.4748
0.075138,1.4748
0.075314,1.4753
0.075490,1.4744
0.075665,1.4775
0.075841,1.4806
0.076016,1.4852
0.076192,1.4898
0.076367,1.4937
0.076543,1.4960
0.076718,1.4974
0.076894,1.4968
0.077070,1.4966
0.077245,1.4974
0.077421,1.4978
0.077596,1.4983
0.077772,1.4992
0.077947,1.5020
0.078123,1.5057
0.078298,1.5075
0.078474,1.5109
0.078650,1.5124
0.078825,1.5114
0.079001,1.5108
0.079176,1.5097
0.079352,1.5072
0.079527,1.5074
0.079703,1.5071
0.079878,1.5044
0.080054,1.5027
0.080230,1.4997
0.080405,1.4957
0.080581,1.4925
0.080756,1.4904
0.080932,1.4883
0.081107,1.4879
0.081283,1.4877
0.081458,1.4884
0.081634,1.4881
0.081810,1.4876
0.081985,1.4871
0.082161,1.4866
0.082336,1.4847
0.082512,1.4862
0.082687,1.4912
0.082863,1.4965
0.083038,1.5042
0.083214,1.5121
0.083390,1.5184
0.083565,1.5235
0.083741,1.5275
0.083916,1.5284
0.084092,1.5302
0.084267,1.5309
0.084443,1.5305
0.084619,1.5283
0.084794,1.5261
0.084970,1.5221
0.085145,1.5167
0.085321,1.5095
0.085496,1.5047
0.085672,1.5005
0.085847,1.4982
0.086023,1.4964
0.086199,1.4961
0.086374,1.4965
0.086550,1.4973
0.086725,1.4969
0.086901,1.4989
0.087076,1.4988
0.087252,1.4950
0.087427,1.4906
0.087603,1.4872
0.087779,1.4824
0.087954,1.4792
0.088130,1.4807
0.088305,1.4817
0.088481,1.4820
0.088656,1.4832
0.088832,1.4837
0.089007,1.4823
0.089183,1.4819
0.089359,1.4822
0.089534,1.4818
0.089710,1.4823
0.089885,1.4820
0.090061,1.4829
0.090236,1.4827
0.090412,1.4847
0.090587,1.4886
0.090763,1.4937
0.090939,1.4971
0.091114,1.5012
0.091290,1.5037
0.091465,1.5046
0.091641,1.5046
0.091816,1.5040
0.091992,1.5046
0.092167,1.5052
0.092343,1.5051
0.092519,1.5055
0.092694,1.5094
0.092870,1.5104
0.093045,1.5113
0.093221,1.5130
0.093396,1.5138
0.093572,1.5120
0.093747,1.5103
0.093923,1.5099
0.094099,1.5098
0.094274,1.5099
0.094450,1.5092
0.094625,1.5092
0.094801,1.5068
0.094976,1.5030
0.095152,1.4996
0.095327,1.4970
0.095503,1.4954
0.095679,1.4938
0.095854,1.4936
0.096030,1.4928
0.096205,1.4910
0.096381,1.4900
0.096556,1.4885
0.096732,1.4873
0.096907,1.4863
0.097083,1.4863
0.097259,1.4881
0.097434,1.4928
0.097610,1.5000
0.097785,1.5085
0.097961,1.5160
0.098136,1.5207
0.098312,1.5262
0.098488,1.5279
0.098663,1.5287
0.098839,1.5305
0.099014,1.5338
0.099190,1.5325
0.099365,1.5311
0.099541,1.5297
0.099716,1.5258
0.099892,1.5187
0.100068,1.5144
0.100243,1.5085
0.100419,1.5033
0.100594,1.5016
0.100770,1.5003
0.100945,1.4990
0.101121,1.5003
0.101296,1.4998
0.101472,1.4984
0.101648,1.4980
0.101823,1.4961
0.101999,1.4928
0.102174,1.4906
0.102350,1.4879
0.102525,1.4859
0.102701,1.4841
0.102876,1.4840
0.103052,1.4838
0.103228,1.4838
0.103403,1.4843
0.103579,1.4848
0.103754,1.4830
0.103930,1.4837
0.104105,1.4843
0.104281,1.4837
0.104456,1.4839
0.104632,1.4856
0.104808,1.4851
0.104983,1.4848
0.105159,1.4876
0.105334,1.4913
0.105510,1.4961
0.105685,1.4992
0.105861,1.5026
0.106036,1.5040
0.106212,1.5044
0.106388,1.5028
0.106563,1.5036
0.106739,1.5058
0.106914,1.5068
0.107090,1.5072
0.107265,1.5092
0.107441,1.5141
0.107616,1.5148
0.107792,1.5156
0.107968,1.5169
0.108143,1.5169
0.108319,1.5141
0.108494,1.5130
0.108670,1.5143
0.108845,1.5135
0.109021,1.5124
0.109196,1.5116
0.109372,1.5105
0.109548,1.5072
0.109723,1.5044
0.109899,1.5024
0.110074,1.4995
0.110250,1.4981
0.110425,1.4960
0.110601,1.4964
0.110777,1.4969
0.110952,1.4977
0.111128,1.4969
0.111303,1.4970
0.111479,1.4959
0.111654,1.4939
0.111830,1.4928
0.112005,1.4962
0.112181,1.5007
0.112357,1.5076
0.112532,1.5165
0.112708,1.5242
0.112883,1.5284
0.113059,1.5324
0.113234,1.5347
0.113410,1.5349
0.113585,1.5350
0.113761,1.5341
0.113937,1.5326
0.114112,1.5312
0.114288,1.5286
0.114463,1.5248
0.114639,1.5201
0.114814,1.5151
0.114990,1.5088
0.115165,1.5055
0.115341,1.5032
0.115517,1.5031
0.115692,1.5025
0.115868,1.5030
0.116043,1.5023
0.116219,1.5026
0.116394,1.5011
0.116570,1.4989
0.116745,1.4956
0.116921,1.4923
0.117097,1.4890
0.117272,1.4874
0.117448,1.4867
0.117623,1.4864
0.117799,1.4858
0.117974,1.4861
0.118150,1.4855
0.118325,1.4852
0.118501,1.4866
0.118677,1.4868
0.118852,1.4863
0.119028,1.4870
0.119203,1.4875
0.119379,1.4872
0.119554,1.4883
0.119730,1.4910
0.119905,1.4940
0.120081,1.4973
0.120257,1.5005
0.120432,1.5037
0.120608,1.5052
0.120783,1.5060
0.120959,1.5069
0.121134,1.5074
0.121310,1.5085
0.121485,1.5090
0.121661,1.5102
0.121837,1.5113
0.122012,1.5130
0.122188,1.5140
0.122363,1.5165
0.122539,1.5187
0.122714,1.5206
0.122890,1.5205
0.123065,1.5206
0.123241,1.5199
0.123417,1.5188
0.123592,1.5180
0.123768,1.5184
0.123943,1.5184
0.124119,1.5161
0.124294,1.5119
0.124470,1.5076
0.124646,1.5045
0.124821,1.5004
0.124997,1.4990
0.125172,1.4990
0.125348,1.4991
0.125523,1.4982
0.125699,1.4990
0.125874,1.4987
0.126050,1.4979
0.126226,1.4967
0.126401,1.4962
0.126577,1.4952
0.126752,1.4983
0.126928,1.5054
0.127103,1.5128
0.127279,1.5203
0.127454,1.5276
0.127630,1.5327
0.127806,1.5356
0.127981,1.5369
0.128157,1.5382
0.128332,1.5388
0.128508,1.5391
0.128683,1.5371
0.128859,1.5354
0.129034,1.5322
0.129210,1.5286
0.129386,1.5212
0.129561,1.5151
0.129737,1.5107
0.129912,1.5070
0.130088,1.5049
0.130263,1.5044
0.130439,1.5047
0.130614,1.5045
0.130790,1.5041
0.130966,1.5031
0.131141,1.5015
0.131317,1.4978
0.131492,1.4941
0.131668,1.4903
0.131843,1.4881
0.132019,1.4869
0.132194,1.4866
0.132370,1.4854
0.132546,1.4864
0.132721,1.4863
0.132897,1.4861
0.133072,1.4870
0.133248,1.4869
0.133423,1.4867
0.133599,1.4864
0.133774,1.4868
0.133950,1.4864
0.134126,1.4880
0.134301,1.4884
0.134477,1.4898
0.134652,1.4927
0.134828,1.4964
0.135003,1.4999
0.135179,1.5035
0.135354,1.5061
0.135530,1.5076
0.135706,1.5080
0.135881,1.5070
0.136057,1.5074
0.136232,1.5077
0.136408,1.5078
0.136583,1.5085
0.136759,1.5112
0.136935,1.5147
0.137110,1.5179
0.137286,1.5186
0.137461,1.5202
0.137637,1.5200
0.137812,1.5189
0.137988,1.5167
0.138163,1.5163
0.138339,1.5156
0.138515,1.5152
0.138690,1.5137
0.138866,1.5113
0.139041,1.5100
0.139217,1.5058
0.139392,1.5026
0.139568,1.5009
0.139743,1.4990
0.139919,1.4966
0.140095,1.4969
0.140270,1.4981
0.140446,1.4965
0.140621,1.4965
0.140797,1.4967
0.140972,1.4952
0.141148,1.4934
0.141323,1.4934
0.141499,1.4972
0.141675,1.5011
0.141850,1.5072
0.142026,1.5140
0.142201,1.5193
0.142377,1.5240
0.142552,1.5280
0.142728,1.5303
0.142903,1.5313
0.143079,1.5340
0.143255,1.5341
0.143430,1.5340
0.143606,1.5328
0.143781,1.5303
0.143957,1.5250
0.144132,1.5202
0.144308,1.5153
0.144483,1.5101
0.144659,1.5091
0.144835,1.5085
0.145010,1.5064
0.145186,1.5066
0.145361,1.5070
0.145537,1.5046
0.145712,1.5033
0.145888,1.5010
0.146063,1.4985
0.146239,1.4947
0.146415,1.4913
0.146590,1.4891
0.146766,1.4880
0.146941,1.4854
0.147117,1.4855
0.147292,1.4864
0.147468,1.4859
0.147643,1.4860
0.147819,1.4874
0.147995,1.4874
0.148170,1.4866
0.148346,1.4861
0.148521,1.4856
0.148697,1.4860
0.148872,1.4867
0.149048,1.4872
0.149223,1.4901
0.149399,1.4928
0.149575,1.4938
0.149750,1.4965
0.149926,1.5002
0.150101,1.5018
0.150277,1.5040
0.150452,1.5053
0.150628,1.5064
0.150804,1.5062
0.150979,1.5060
0.151155,1.5058
0.151330,1.5069
0.151506,1.5085
0.151681,1.5112
0.151857,1.5130
0.152032,1.5156
0.152208,1.5170
0.152384,1.5175
0.152559,1.5166
0.152735,1.5152
0.152910,1.5143
0.153086,1.5134
0.153261,1.5127
0.153437,1.5112
0.153612,1.5111
0.153788,1.5083
0.153964,1.5051
0.154139,1.5006
0.154315,1.4979
0.154490,1.4955
0.154666,1.4948
0.154841,1.4959
0.155017,1.4967
0.155192,1.4963
0.155368,1.4952
0.155544,1.4927
0.155719,1.4912
0.155895,1.4892
0.156070,1.4910
0.156246,1.4962
0.156421,1.5027
0.156597,1.5115
0.156772,1.5194
0.156948,1.5253
0.157124,1.5292
0.157299,1.5309
0.157475,1.5301
0.157650,1.5313
0.157826,1.5324
0.158001,1.5312
0.158177,1.5305
0.158352,1.5286
0.158528,1.5264
0.158704,1.5206
0.158879,1.5163
0.159055,1.5109
0.159230,1.5065
0.159406,1.5035
0.159581,1.5028
0.159757,1.5035
0.159932,1.5043
0.160108,1.5041
0.160284,1.5045
0.160459,1.5041
0.160635,1.5004
0.160810,1.4974
0.160986,1.4949
0.161161,1.4918
0.161337,1.4896
0.161512,1.4889
0.161688,1.4883
0.161864,1.4886
0.162039,1.4886
0.162215,1.4880
0.162390,1.4888
0.162566,1.4907
0.162741,1.4912
0.162917,1.4913
0.163093,1.4916
0.163268,1.4910
0.163444,1.4904
0.163619,1.4892
0.163795,1.4890
0.163970,1.4910
0.164146,1.4934
0.164321,1.4972
0.164497,1.5013
0.164673,1.5053
0.164848,1.5082
0.165024,1.5105
0.165199,1.5101
0.165375,1.5094
0.165550,1.5085
0.165726,1.5084
0.165901,1.5093
0.166077,1.5112
0.166253,1.5159
0.166428,1.5206
0.166604,1.5222
0.166779,1.5224
0.166955,1.5230
0.167130,1.5214
0.167306,1.5197
0.167481,1.5187
0.167657,1.5188
0.167833,1.5180
0.168008,1.5159
0.168184,1.5146
0.168359,1.5120
0.168535,1.5081
0.168710,1.5041
0.168886,1.5002
0.169061,1.4968
0.169237,1.4951
0.169413,1.4935
0.169588,1.4941
0.169764,1.4952
0.169939,1.4947
0.170115,1.4951
0.170290,1.4958
0.170466,1.4961
0.170641,1.4958
0.170817,1.5000
0.170993,1.5046
0.171168,1.5132
0.171344,1.5191
0.171519,1.5256
0.171695,1.5295
0.171870,1.5325
0.172046,1.5326
0.172221,1.5356
0.172397,1.5375
0.172573,1.5364
0.172748,1.5352
0.172924,1.5342
0.173099,1.5317
0.173275,1.5279
0.173450,1.5244
0.173626,1.5197
0.173801,1.5137
0.173977,1.5101
0.174153,1.5083
0.174328,1.5074
0.174504,1.5076
0.174679,1.5077
0.174855,1.5054
0.175030,1.5044
0.175206,1.5025
0.175381,1.5000
0.175557,1.4963
0.175733,1.4933
0.175908,1.4908
0.176084,1.4897
0.176259,1.4883
0.176435,1.4882
0.176610,1.4884
0.176786,1.4883
0.176962,1.4880
0.177137,1.4889
0.177313,1.4896
0.177488,1.4900
0.177664,1.4900
0.177839,1.4906
0.178015,1.4907
0.178190,1.4912
0.178366,1.4908
0.178542,1.4926
0.178717,1.4939
0.178893,1.4971
0.179068,1.5007
0.179244,1.5045
0.179419,1.5048
0.179595,1.5068
0.179770,1.5070
0.179946,1.5066
0.180122,1.5067
0.180297,1.5083
0.180473,1.5069
0.180648,1.5108
0.180824,1.5112
0.180999,1.5141
0.181175,1.5160
0.181350,1.5205
0.181526,1.5179
0.181702,1.5191
0.181877,1.5178
0.182053,1.5175
0.182228,1.5159
0.182404,1.5149
0.182579,1.5150
0.182755,1.5143
0.182930,1.5121
0.183106,1.5089
0.183282,1.5066
0.183457,1.5022
0.183633,1.4988
0.183808,1.4966
0.183984,1.4960
0.184159,1.4953
0.184335,1.4969
0.184510,1.4962
0.184686,1.4958
0.184862,1.4944
0.185037,1.4934
0.185213,1.4914
0.185388,1.4897
0.185564,1.4932
0.185739,1.4975
0.185915,1.5072
0.186090,1.5145
0.186266,1.5235
0.186442,1.5279
0.186617,1.5321
0.186793,1.5321
0.186968,1.5329
0.187144,1.5337
0.187319,1.5342
0.187495,1.5336
0.187670,1.5314
0.187846,1.5282
0.188022,1.5240
0.188197,1.5188
0.188373,1.5131
0.188548,1.5069
0.188724,1.5029
0.188899,1.5018
0.189075,1.5020
0.189251,1.5010
0.189426,1.5032
0.189602,1.5040
0.189777,1.5019
0.189953,1.4983
0.190128,1.4959
0.190304,1.4902
0.190479,1.4865
0.190655,1.4838
0.190831,1.4802
0.191006,1.4796
0.191182,1.4806
0.191357,1.4800
0.191533,1.4805
0.191708,1.4798
0.191884,1.4797
0.192059,1.4796
0.192235,1.4802
0.192411,1.4806
0.192586,1.4819
0.192762,1.4822
0.192937,1.4816
0.193113,1.4810
0.193288,1.4817
0.193464,1.4859
0.193639,1.4884
0.193815,1.4934
0.193991,1.4974
0.194166,1.4997
0.194342,1.5010
0.194517,1.5014
0.194693,1.4999
0.194868,1.5007
0.195044,1.4994
0.195219,1.4995
0.195395,1.5013
0.195571,1.5030
0.195746,1.5041
0.195922,1.5079
0.196097,1.5086
0.196273,1.5092
0.196448,1.5093
0.196624,1.5086
0.196799,1.5086
0.196975,1.5087
0.197151,1.5073
0.197326,1.5081
0.197502,1.5066
0.197677,1.5040
0.197853,1.5009
0.198028,1.4979
0.198204,1.4933
0.198379,1.4903
0.198555,1.4879
0.198731,1.4866
0.198906,1.4859
0.199082,1.4861
0.199257,1.4869
0.199433,1.4862
0.199608,1.4855
0.199784,1.4851
0.199959,1.4848
0.200135,1.4844
0.200311,1.4889
0.200486,1.4947
0.200662,1.5018
0.200837,1.5087
0.201013,1.5155
0.201188,1.5204
0.201364,1.5243
0.201540,1.5255
0.201715,1.5271
0.201891,1.5292
0.202066,1.5303
0.202242,1.5291
0.202417,1.5281
0.202593,1.5263
0.202768,1.5213
0.202944,1.5123
0.203120,1.5066
0.203295,1.5022
0.203471,1.4978
0.203646,1.4977
0.203822,1.4984
0.203997,1.4990
0.204173,1.4995
0.204348,1.4979
0.204524,1.4968
0.204700,1.4945
0.204875,1.4912
0.205051,1.4871
0.205226,1.4853
0.205402,1.4824
0.205577,1.4810
0.205753,1.4805
0.205928,1.4806
0.206104,1.4818
0.206280,1.4817
0.206455,1.4827
0.206631,1.4836
0.206806,1.4838
0.206982,1.4835
0.207157,1.4838
0.207333,1.4845
0.207508,1.4845
0.207684,1.4852
0.207860,1.4862
0.208035,1.4882
0.208211,1.4910
0.208386,1.4955
0.208562,1.4996
0.208737,1.5020
0.208913,1.5040
0.209088,1.5053
0.209264,1.5042
0.209440,1.5033
0.209615,1.5039
0.209791,1.5040
0.209966,1.5039
0.210142,1.5043
0.210317,1.5066
0.210493,1.5103
0.210668,1.5119
0.210844,1.5123
0.211020,1.5142
0.211195,1.5141
0.211371,1.5124
0.211546,1.5134
0.211722,1.5149
0.211897,1.5142
0.212073,1.5134
0.212248,1.5131
0.212424,1.5100
0.212600,1.5065
0.212775,1.5024
0.212951,1.4986
0.213126,1.4946
0.213302,1.4914
0.213477,1.4895
0.213653,1.4897
0.213828,1.4897
0.214004,1.4891
0.214180,1.4885
0.214355,1.4878
0.214531,1.4868
0.214706,1.4860
0.214882,1.4873
0.215057,1.4923
0.215233,1.4984
0.215409,1.5071
0.215584,1.5159
0.215760,1.5219
0.215935,1.5267
0.216111,1.5292
0.216286,1.5292
0.216462,1.5297
0.216637,1.5302
0.216813,1.5296
0.216989,1.5288
0.217164,1.5272
0.217340,1.5241
0.217515,1.5190
0.217691,1.5136
0.217866,1.5086
0.218042,1.5026
0.218217,1.4988
0.218393,1.4970
0.218569,1.4954
0.218744,1.4956
0.218920,1.4965
0.219095,1.4939
0.219271,1.4963
0.219446,1.5001
0.219622,1.4883
0.219797,1.4526
0.219973,1.4554
0.220149,1.4142
0.220324,1.2962
0.220500,1.1491
0.220675,1.0186
0.220851,0.8368
0.221026,0.7124
0.221202,0.6660
0.221377,0.6217
0.221553,0.5523
0.221729,0.4879
0.221904,0.4007
0.222080,0.3095
0.222255,0.2613
0.222431,0.2463
0.222606,0.2420
0.222782,0.2437
0.222957,0.2476
0.223133,0.2515
0.223309,0.2550
0.223484,0.2585
0.223660,0.2609
0.223835,0.2622
0.224011,0.2618
0.224186,0.2617
0.224362,0.2608
0.224537,0.2616
0.224713,0.2632
0.224889,0.2634
0.225064,0.2662
0.225240,0.2694
0.225415,0.2699
0.225591,0.2721
0.225766,0.2726
0.225942,0.2706
0.226117,0.2699
0.226293,0.2687
0.226469,0.2674
0.226644,0.2693
0.226820,0.2701
0.226995,0.2695
0.227171,0.2684
0.227346,0.2654
0.227522,0.2629
0.227698,0.2606
0.227873,0.2579
0.228049,0.2574
0.228224,0.2578
0.228400,0.2561
0.228575,0.2560
0.228751,0.2572
0.228926,0.2565
0.229102,0.2536
0.229278,0.2536
0.229453,0.2527
0.229629,0.2526
0.229804,0.2571
0.229980,0.2625
0.230155,0.2698
0.230331,0.2764
0.230506,0.2823
0.230682,0.2843
0.230858,0.2871
0.231033,0.2872
0.231209,0.2879
0.231384,0.2879
0.231560,0.2883
0.231735,0.2879
0.231911,0.2865
0.232086,0.2840
0.232262,0.2789
0.232438,0.2755
0.232613,0.2705
0.232789,0.2680
0.232964,0.2664
0.233140,0.2659
0.233315,0.2657
0.233491,0.2665
0.233666,0.2661
0.233842,0.2663
0.234018,0.2661
0.234193,0.2644
0.234369,0.2611
0.234544,0.2554
0.234720,0.2523
0.234895,0.2514
0.235071,0.2502
0.235246,0.2505
0.235422,0.2534
0.235598,0.2537
0.235773,0.2537
0.235949,0.2548
0.236124,0.2553
0.236300,0.2557
0.236475,0.2558
0.236651,0.2552
0.236826,0.2549
0.237002,0.2555
0.237178,0.2559
0.237353,0.2564
0.237529,0.2592
0.237704,0.2628
0.237880,0.2664
0.238055,0.2686
0.238231,0.2713
0.238406,0.2737
0.238582,0.2732
0.238758,0.2731
0.238933,0.2747
0.239109,0.2756
0.239284,0.2751
0.239460,0.2754
0.239635,0.2767
0.239811,0.2778
0.239986,0.2809
0.240162,0.2828
0.240338,0.2827
0.240513,0.2815
0.240689,0.2827
0.240864,0.2804
0.241040,0.2796
0.241215,0.2813
0.241391,0.2815
0.241567,0.2792
0.241742,0.2785
0.241918,0.2771
0.242093,0.2747
0.242269,0.2735
0.242444,0.2716
0.242620,0.2687
0.242795,0.2675
0.242971,0.2658
0.243147,0.2650
0.243322,0.2639
0.243498,0.2651
0.243673,0.2646
0.243849,0.2648
0.244024,0.2641
0.244200,0.2649
0.244375,0.2672
0.244551,0.2706
0.244727,0.2784
0.244902,0.2856
0.245078,0.2901
0.245253,0.2940
0.245429,0.2975
0.245604,0.2972
0.245780,0.2964
0.245955,0.2979
0.246131,0.2995
0.246307,0.2982
0.246482,0.2967
0.246658,0.2958
0.246833,0.2920
0.247009,0.2864
0.247184,0.2830
0.247360,0.2773
0.247535,0.2752
0.247711,0.2745
0.247887,0.2754
0.248062,0.2744
0.248238,0.2763
0.248413,0.2761
0.248589,0.2751
0.248764,0.2729
0.248940,0.2703
0.249115,0.2669
0.249291,0.2634
0.249467,0.2624
0.249642,0.2614
0.249818,0.2609
0.249993,0.2612
0.250169,0.2614
0.250344,0.2609
0.250520,0.2608
0.250695,0.2610
0.250871,0.2615
0.251047,0.2620
0.251222,0.2618
0.251398,0.2608
0.251573,0.2622
0.251749,0.2613
0.251924,0.2613
0.252100,0.2634
0.252275,0.2660
0.252451,0.2688
0.252627,0.2741
0.252802,0.2771
0.252978,0.2794
0.253153,0.2815
0.253329,0.2821
0.253504,0.2808
0.253680,0.2800
0.253856,0.2800
0.254031,0.2797
0.254207,0.2795
0.254382,0.2808
0.254558,0.2843
0.254733,0.2857
0.254909,0.2888
0.255084,0.2909
0.255260,0.2925
0.255436,0.2896
0.255611,0.2888
0.255787,0.2883
0.255962,0.2871
0.256138,0.2866
0.256313,0.2890
0.256489,0.2881
0.256664,0.2843
0.256840,0.2822
0.257016,0.2792
0.257191,0.2756
0.257367,0.2746
0.257542,0.2738
0.257718,0.2734
0.257893,0.2737
0.258069,0.2714
0.258244,0.2703
0.258420,0.2691
0.258596,0.2685
0.258771,0.2676
0.258947,0.2696
0.259122,0.2729
0.259298,0.2781
0.259473,0.2837
0.259649,0.2892
0.259824,0.2943
0.260000,0.2982
